{"cameraMode":{"drawMode":0,"name":"Shaded","section":"Shading Mode"},"sceneLighting":true,"audioPlay":false,"sceneViewState":{"showFog":true,"showMaterialUpdate":false,"showSkybox":true,"showFlares":true,"showImageEffects":true,"showParticleSystems":true},"in2DMode":false,"pivot":{"x":0.9225501418113709,"y":-0.020055992528796197,"z":0.0},"rotation":{"x":0.2537911534309387,"y":0.0388527475297451,"z":-0.010203097946941853,"w":0.9664245843887329},"size":1.9578838348388672,"orthographic":false}